{"tablero": {"(0, 0)": " ", "(0, 1)": " ", "(0, 2)": " ", "(0, 3)": " ", "(0, 4)": " ", "(0, 5)": " ", "(0, 6)": " ", "(1, 0)": " ", "(1, 1)": " ", "(1, 2)": " ", "(1, 3)": " ", "(1, 4)": " ", "(1, 5)": " ", "(1, 6)": " ", "(2, 0)": " ", "(2, 1)": " ", "(2, 2)": " ", "(2, 3)": " ", "(2, 4)": " ", "(2, 5)": " ", "(2, 6)": " ", "(3, 0)": " ", "(3, 1)": " ", "(3, 2)": " ", "(3, 3)": " ", "(3, 4)": " ", "(3, 5)": " ", "(3, 6)": " ", "(4, 0)": " ", "(4, 1)": " ", "(4, 2)": " ", "(4, 3)": " ", "(4, 4)": " ", "(4, 5)": " ", "(4, 6)": " ", "(5, 0)": "D", "(5, 1)": "I", "(5, 2)": " ", "(5, 3)": " ", "(5, 4)": " ", "(5, 5)": " ", "(5, 6)": " ", "(6, 0)": "P", "(6, 1)": "I", "(6, 2)": " ", "(6, 3)": " ", "(6, 4)": "U", "(6, 5)": "N", "(6, 6)": " "}, "turno": "maquina", "letras_M": ["K", "\u00d1", "D", "T", "P", "M", "V"], "letras_J": {"letra0": "J", "letra1": "X", "letra2": "G", "letra3": "Q", "letra4": "M", "letra5": "L", "letra6": "T"}, "tabla_puntajes": {"A": 1.0, "B": 3.0, "C": 2.0, "D": 2.0, "E": 1.0, "F": 4.0, "G": 2.0, "H": 4.0, "I": 1.0, "J": 6.0, "K": 8.0, "L": 1.0, "M": 3.0, "N": 1.0, "\u00d1": 8.0, "O": 1.0, "P": 3.0, "Q": 8.0, "R": 1.0, "S": 1.0, "T": 1.0, "U": 1.0, "V": 4.0, "W": 8.0, "X": 8.0, "Y": 4.0, "Z": 10.0}, "multiplicadores": {"(0, 0)": 1, "(0, 1)": 1.5, "(0, 2)": 1, "(0, 3)": 1.5, "(0, 4)": 1, "(0, 5)": 1.5, "(0, 6)": 1, "(1, 0)": 1.5, "(1, 1)": 2, "(1, 2)": 1.5, "(1, 3)": 2, "(1, 4)": 1.5, "(1, 5)": 2, "(1, 6)": 1.5, "(2, 0)": 1, "(2, 1)": 1.5, "(2, 2)": 1, "(2, 3)": 1.5, "(2, 4)": 1, "(2, 5)": 1.5, "(2, 6)": 1, "(3, 0)": 1.5, "(3, 1)": 2, "(3, 2)": 1.5, "(3, 3)": 2, "(3, 4)": 1.5, "(3, 5)": 2, "(3, 6)": 1.5, "(4, 0)": 1, "(4, 1)": 1.5, "(4, 2)": 1, "(4, 3)": 1.5, "(4, 4)": 1, "(4, 5)": 1.5, "(4, 6)": 1, "(5, 0)": 1.5, "(5, 1)": 2, "(5, 2)": 1.5, "(5, 3)": 2, "(5, 4)": 1.5, "(5, 5)": 2, "(5, 6)": 1.5, "(6, 0)": 1, "(6, 1)": 1.5, "(6, 2)": 1, "(6, 3)": 1.5, "(6, 4)": 1, "(6, 5)": 1.5, "(6, 6)": 1}, "puntos_jugador": {"facu": 7.0, "maquina": 5.0}, "letras_bolsa": {"A": 11.0, "B": 3.0, "C": 4.0, "D": 2.0, "E": 11.0, "F": 2.0, "G": 1.0, "H": 2.0, "I": 4.0, "J": 1.0, "K": 0.0, "L": 3.0, "M": 1.0, "N": 4.0, "\u00d1": 0.0, "O": 8.0, "P": 0.0, "Q": 0.0, "R": 4.0, "S": 7.0, "T": 2.0, "U": 1.0, "V": 5.0, "W": 1.0, "X": 0.0, "Y": 1.0, "Z": 1.0}, "dificultad": "facil", "filas": 7, "columnas": 7, "tiempo": 30}